,0,1,2,3,4,5,6,7,8,9,10,11,12,13,14,15,16,17,18,19,20,21,22,23,24,25,26,27,28,29,30,31,32,33,34,35,36,37,38,39,40,41,42,43,44,45,46,47,48,49,50,51,52,53,54,55,56,57,58,59,60,61,62,63
0,0.062004834,0.05340974,0.049500342,0.032298014,0.04740816,0.060091786,0.032177728,0.046794377,0.019766498,0.039610278,0.040184617,0.04674571,0.046738766,0.050119467,0.060288962,0.045269866,,,,,,,,,,,,,,,,,,,,,,,,,,,,,,,,,,,,,,,,,,,,,,,,
1,0.10908457,0.10007831,0.10229351,0.082989044,0.07571875,0.088237554,0.08050575,0.068903014,0.1094002,0.047946475,0.06666561,0.08648859,0.10671298,0.11910759,0.099713616,0.10510215,,,,,,,,,,,,,,,,,,,,,,,,,,,,,,,,,,,,,,,,,,,,,,,,
2,0.0373331,0.05220366,0.050500363,0.04269711,0.033025403,0.035770517,0.050753914,0.05310627,0.06400643,0.043224927,0.056934055,0.0664845,0.04986303,0.049904007,0.054632224,0.0374705,,,,,,,,,,,,,,,,,,,,,,,,,,,,,,,,,,,,,,,,,,,,,,,,
3,0.079349406,0.08870984,0.097223006,0.056589816,0.084579036,0.109653585,0.092644095,0.050018247,0.05367786,0.057329297,0.06400254,0.07564422,0.1219284,0.071147695,0.05542802,0.07440853,,,,,,,,,,,,,,,,,,,,,,,,,,,,,,,,,,,,,,,,,,,,,,,,
4,0.040341277,0.03627915,0.053397395,0.04853613,0.06581978,0.048596308,0.048408184,0.050035596,0.068239145,0.020646758,0.053229854,0.058502015,0.04157078,0.039874673,0.051687934,0.050650068,,,,,,,,,,,,,,,,,,,,,,,,,,,,,,,,,,,,,,,,,,,,,,,,
5,0.08518516,0.069832124,0.077148855,0.07259299,0.08545788,0.08689608,0.06765559,0.07588865,0.067708,0.05405392,0.09078259,0.07541418,0.07261773,0.03440288,0.08854406,0.052057885,,,,,,,,,,,,,,,,,,,,,,,,,,,,,,,,,,,,,,,,,,,,,,,,
6,0.038153823,0.061986025,0.028747266,0.034206204,0.030327192,0.04038873,0.036247388,0.037117332,0.046115536,0.05467445,0.043117058,0.053413782,0.04924719,0.047330886,0.038971893,0.044598646,,,,,,,,,,,,,,,,,,,,,,,,,,,,,,,,,,,,,,,,,,,,,,,,
7,0.06787584,0.10235269,0.09716247,0.060946852,0.07285092,0.078388125,0.04040894,0.050686687,0.080019474,0.062169205,0.06969767,0.07072139,0.06251343,0.0449987,0.055591136,0.074571766,,,,,,,,,,,,,,,,,,,,,,,,,,,,,,,,,,,,,,,,,,,,,,,,
8,0.050399914,0.053723622,0.051821798,0.0498948,0.045465603,0.045920767,0.05232693,0.044603977,0.036815908,0.057177316,0.035455994,0.039133005,0.054552607,0.035371326,0.030937772,0.052770518,,,,,,,,,,,,,,,,,,,,,,,,,,,,,,,,,,,,,,,,,,,,,,,,
9,0.07616165,0.077244446,0.06053707,0.057813562,0.09692735,0.05698134,0.039627355,0.07261179,0.06057205,0.06160868,0.045486584,0.07267702,0.0823897,0.060603585,0.06572791,0.063563585,,,,,,,,,,,,,,,,,,,,,,,,,,,,,,,,,,,,,,,,,,,,,,,,
10,0.03286047,0.048024684,0.057907496,0.0705147,0.03315237,0.050315946,0.04738284,0.04901551,0.060666088,0.049606573,0.060942248,0.057185106,0.045567337,0.035796955,0.048306286,0.042304575,,,,,,,,,,,,,,,,,,,,,,,,,,,,,,,,,,,,,,,,,,,,,,,,
11,0.045576915,0.100032285,0.085458346,0.06368722,0.062156994,0.06130311,0.035807617,0.090561405,0.07942821,0.061789684,0.057482403,0.051825542,0.08848934,0.078726314,0.05984166,0.066630505,,,,,,,,,,,,,,,,,,,,,,,,,,,,,,,,,,,,,,,,,,,,,,,,
12,0.033666223,0.05574841,0.05207016,0.031331606,0.063378856,0.047554217,0.047471546,0.035136547,0.040043358,0.059611343,0.03496442,0.0557106,0.040977806,0.048376314,0.020983584,0.041692704,,,,,,,,,,,,,,,,,,,,,,,,,,,,,,,,,,,,,,,,,,,,,,,,
13,0.027888145,0.08786086,0.09070512,0.04341655,0.08059194,0.051156066,0.033793177,0.032895014,0.058395542,0.07541406,0.04043218,0.056098834,0.06190534,0.074682936,0.059613034,0.047196127,,,,,,,,,,,,,,,,,,,,,,,,,,,,,,,,,,,,,,,,,,,,,,,,
14,0.023587825,0.047956258,0.042107694,0.050731942,0.054574497,0.07031678,0.053075433,0.05871906,0.04250695,0.06647415,0.033651568,0.0535383,0.052605774,0.046559587,0.056689814,0.04270784,,,,,,,,,,,,,,,,,,,,,,,,,,,,,,,,,,,,,,,,,,,,,,,,
15,0.06690513,0.08908317,0.08044195,0.05293114,0.05237464,0.037176397,0.0814276,0.06302194,0.049514662,0.0652945,0.049373325,0.037250623,0.07214232,0.05329563,0.06839827,0.06400126,,,,,,,,,,,,,,,,,,,,,,,,,,,,,,,,,,,,,,,,,,,,,,,,
16,0.028963124,0.06975315,0.070009455,0.043605335,0.04343489,0.032409303,0.080872566,0.040350124,0.03953673,0.07509715,0.016501267,0.058240026,0.05540418,0.009638513,0.05225595,0.053092163,,,,,,,,,,,,,,,,,,,,,,,,,,,,,,,,,,,,,,,,,,,,,,,,
17,0.07246159,0.059602078,0.06615332,0.07731672,0.06866228,0.039271966,0.07788774,0.059559703,0.08020658,0.06817025,0.093863964,0.06355593,0.087098606,0.082678,0.07176791,0.05737341,,,,,,,,,,,,,,,,,,,,,,,,,,,,,,,,,,,,,,,,,,,,,,,,
18,0.059685994,0.055239547,0.04688061,0.06916631,0.0625874,0.060564,0.044376925,0.045233674,0.045839556,0.045974895,0.047638122,0.053783063,0.064230405,0.0637484,0.064132035,0.051148616,0.05202338472008705,0.04915383830666542,0.07049428671598434,0.04530523717403412,0.05101804435253143,0.0557621605694294,0.05480913072824478,0.04852661117911339,0.061899442225694656,0.0465819351375103,0.06087905541062355,0.06442402303218842,0.04747762158513069,0.062142372131347656,0.05613173544406891,0.06029791012406349,,,,,,,,,,,,,,,,,,,,,,,,,,,,,,,,
19,0.071334064,0.11395644,0.111827806,0.10531059,0.12650809,0.092138395,0.1176019,0.09071537,0.11142022,0.120760635,0.10507817,0.10648526,0.092099145,0.10924962,0.09506131,0.11538093,0.10627808421850204,0.0980217456817627,0.10977895557880402,0.11184197664260864,0.10860132426023483,0.1041465550661087,0.10109151154756546,0.12926656007766724,0.11597862094640732,0.08264457434415817,0.11791747063398361,0.10831746459007263,0.11420802772045135,0.09149499982595444,0.11509346961975098,0.09831760823726654,,,,,,,,,,,,,,,,,,,,,,,,,,,,,,,,
20,0.045821346,0.056990393,0.05046775,0.048491493,0.056341235,0.038572133,0.059332453,0.034318708,0.04590223,0.062026516,0.06328351,0.05230449,0.0650472,0.047331348,0.05014667,0.06131674,0.049751441925764084,0.06238599494099617,0.052984971553087234,0.04747980087995529,0.059557124972343445,0.055670350790023804,0.044934310019016266,0.05977344140410423,0.046365976333618164,0.04473558068275452,0.042853884398937225,0.04335664212703705,0.05199836939573288,0.054500747472047806,0.0303038302809,0.041588783264160156,,,,,,,,,,,,,,,,,,,,,,,,,,,,,,,,
21,0.059669673,0.06290661,0.07036391,0.055507053,0.051855598,0.09769806,0.070247136,0.07454399,0.09266585,0.07382926,0.045497477,0.056726,0.085435435,0.07230825,0.05981084,0.07470121,0.08511194586753845,0.06664364039897919,0.04960726574063301,0.07036973536014557,0.0705113485455513,0.07762904465198517,0.07747285813093185,0.07143127918243408,0.0700981393456459,0.07109282910823822,0.08135082572698593,0.07480041682720184,0.048315659165382385,0.06275203824043274,0.05811324715614319,0.0781148225069046,,,,,,,,,,,,,,,,,,,,,,,,,,,,,,,,
22,0.055051558,0.058219172,0.043643996,0.045218594,0.052818447,0.050540984,0.062231995,0.05956112,0.057598166,0.040006533,0.06387958,0.054056574,0.044574525,0.057016645,0.06145551,0.05440637,0.04073335975408554,0.06771982461214066,0.04963652417063713,0.03872523456811905,0.05997630953788757,0.042235568165779114,0.05361003801226616,0.0519464910030365,0.04457069933414459,0.04249034449458122,0.03754260763525963,0.0763169601559639,0.05910336971282959,0.06131016090512276,0.050775814801454544,0.053696125745773315,,,,,,,,,,,,,,,,,,,,,,,,,,,,,,,,
23,0.052583836,0.064260766,0.098651834,0.069647476,0.06736197,0.06763702,0.06589952,0.07250629,0.07969475,0.08778233,0.060568824,0.060559135,0.051729623,0.07223874,0.065563545,0.07728194,0.07022097706794739,0.06441793590784073,0.07500095665454865,0.08720238506793976,0.07262811064720154,0.08934473246335983,0.0850023701786995,0.09580639004707336,0.0810609757900238,0.05437486618757248,0.08189359307289124,0.08147919178009033,0.07308030873537064,0.08146564662456512,0.07915546745061874,0.061503224074840546,,,,,,,,,,,,,,,,,,,,,,,,,,,,,,,,
24,0.056100678,0.07640442,0.041533865,0.052937463,0.031126017,0.04464559,0.056727625,0.05566396,0.05149073,0.0605999,0.07302778,0.04165585,0.049113862,0.04339265,0.051228996,0.056805745,0.04149901866912842,0.05216040834784508,0.058871060609817505,0.03233017399907112,0.055784571915864944,0.047392237931489944,0.05103003978729248,0.0481097549200058,0.04253241419792175,0.04182393103837967,0.04642032831907272,0.04396730661392212,0.039872996509075165,0.04919743910431862,0.07008866965770721,0.03836304694414139,,,,,,,,,,,,,,,,,,,,,,,,,,,,,,,,
25,0.074472725,0.064430945,0.06449402,0.065186284,0.045331247,0.07505782,0.06543053,0.048972502,0.08506471,0.07822146,0.075344905,0.044419177,0.067800775,0.07237652,0.09145363,0.07236261,0.0778518095612526,0.07040147483348846,0.07371827960014343,0.03355894610285759,0.06833681464195251,0.06504013389348984,0.05788044631481171,0.0556207150220871,0.05394228175282478,0.04634563624858856,0.06642644107341766,0.06407279521226883,0.06438940763473511,0.086927130818367,0.08281735330820084,0.06485100835561752,,,,,,,,,,,,,,,,,,,,,,,,,,,,,,,,
26,0.049867634,0.063496634,0.06286097,0.048946224,0.05582033,0.026100231,0.053886324,0.053480666,0.059485737,0.041610077,0.08473471,0.06184249,0.04244884,0.05465684,0.041489292,0.05659994,0.04023551940917969,0.0595104955136776,0.05182788893580437,0.0444687195122242,0.06135150045156479,0.045623403042554855,0.0398218110203743,0.060972604900598526,0.04572424292564392,0.042572021484375,0.053566157817840576,0.050993937999010086,0.05142620578408241,0.063078373670578,0.0665331482887268,0.05054621770977974,,,,,,,,,,,,,,,,,,,,,,,,,,,,,,,,
27,0.04645079,0.0683843,0.06821644,0.07119166,0.03993158,0.08762573,0.06904083,0.07788942,0.0841401,0.08398326,0.059478484,0.064886704,0.072866686,0.052101616,0.054352354,0.079589695,0.07108961790800095,0.07628251612186432,0.0717095285654068,0.07261765003204346,0.06998483836650848,0.0670207142829895,0.07147835195064545,0.06932748109102249,0.05763818696141243,0.07111040502786636,0.05001116171479225,0.05495261028409004,0.07125354558229446,0.10833793133497238,0.07314874976873398,0.061034195125103,,,,,,,,,,,,,,,,,,,,,,,,,,,,,,,,
28,0.0599029,0.05676963,0.06167821,0.03846777,0.0585167,0.031047437,0.054676853,0.05024889,0.04588273,0.046011016,0.0533,0.04757958,0.045934375,0.038652167,0.05336238,0.045845263,0.05290203168988228,0.04203253984451294,0.0635460838675499,0.0496189258992672,0.04575163125991821,0.05386686697602272,0.05365797504782677,0.05277508124709129,0.042566314339637756,0.054110247641801834,0.04699694365262985,0.04842275753617287,0.0661151260137558,0.050125960260629654,0.04896516725420952,0.0364515483379364,,,,,,,,,,,,,,,,,,,,,,,,,,,,,,,,
29,0.0713168,0.058654852,0.079672426,0.065661296,0.050354257,0.07133811,0.08675207,0.06803058,0.09208643,0.048412267,0.048664108,0.07216724,0.076672375,0.06510449,0.053241212,0.06907765,0.06603028625249863,0.052993226796388626,0.05121402442455292,0.051265306770801544,0.07361637055873871,0.04855035990476608,0.0629301369190216,0.08529938757419586,0.0550423264503479,0.059971801936626434,0.07217244803905487,0.060154110193252563,0.06921304017305374,0.07668106257915497,0.06096453219652176,0.06489239633083344,,,,,,,,,,,,,,,,,,,,,,,,,,,,,,,,
30,0.05018566,0.054354656,0.048760638,0.045652162,0.052774593,0.052875876,0.03555233,0.057997078,0.045644686,0.030349879,0.053240556,0.06390259,0.05385547,0.045592308,0.06602318,0.05204969,0.044845227152109146,0.05426853895187378,0.04996073618531227,0.04437955468893051,0.05093437060713768,0.037076205015182495,0.03290760517120361,0.03609711676836014,0.054623473435640335,0.0580967552959919,0.04963398352265358,0.0366780050098896,0.04318447783589363,0.07112755626440048,0.06169270724058151,0.0522775799036026,,,,,,,,,,,,,,,,,,,,,,,,,,,,,,,,
31,0.060525887,0.040620733,0.0653682,0.042543385,0.0588783,0.07605731,0.05603638,0.07768622,0.07583737,0.06195349,0.06016767,0.08891571,0.050568253,0.05133056,0.06506598,0.058178533,0.05144830048084259,0.03913235664367676,0.06153716892004013,0.09503017365932465,0.06833910197019577,0.07556519657373428,0.05042114853858948,0.05657871812582016,0.07013261318206787,0.0569995753467083,0.06014125049114227,0.06713296473026276,0.08168043941259384,0.046992309391498566,0.06902693212032318,0.06720668077468872,,,,,,,,,,,,,,,,,,,,,,,,,,,,,,,,
32,0.06122225,0.061525792,0.04413373,0.04377709,0.05529673,0.038412347,0.059486236,0.03525197,0.05239409,0.03660146,0.04459268,0.04227541,0.048409134,0.06611187,0.050016508,0.04821833,0.04659944400191307,0.0537232868373394,0.06331580132246017,0.056573834270238876,0.04738231375813484,0.053211841732263565,0.05135658010840416,0.04758596420288086,0.04507453367114067,0.05873069167137146,0.04666340723633766,0.0521300807595253,0.04531990364193916,0.04449646174907684,0.04103532060980797,0.04569995775818825,,,,,,,,,,,,,,,,,,,,,,,,,,,,,,,,
33,0.069676474,0.059885338,0.077845864,0.062034376,0.046970088,0.060808122,0.063018106,0.088088125,0.056548927,0.06687221,0.046467207,0.1016638,0.07747397,0.044915326,0.064897075,0.067901514,0.0669066309928894,0.07246814668178558,0.060465820133686066,0.06480633467435837,0.05637655779719353,0.05931208282709122,0.06264232099056244,0.080866739153862,0.07138657569885254,0.05363341048359871,0.057524506002664566,0.050308287143707275,0.06431643664836884,0.04778715595602989,0.06684422492980957,0.046555206179618835,,,,,,,,,,,,,,,,,,,,,,,,,,,,,,,,
34,0.033297464,0.048635665,0.0466465,0.06007941,0.050826605,0.05202976,0.061029058,0.06161449,0.044444907,0.05099915,0.06118564,0.061209176,0.046629883,0.063567154,0.03321853,0.04933495,0.014796285890042782,0.06590355187654495,0.056571170687675476,0.04726278781890869,0.04682297259569168,0.056914087384939194,0.047633007168769836,0.04339336231350899,0.04465226083993912,0.04511135444045067,0.024136032909154892,0.05487096309661865,0.03823971748352051,0.04143887385725975,0.05503258481621742,0.054066985845565796,,,,,,,,,,,,,,,,,,,,,,,,,,,,,,,,
35,0.05204424,0.056242436,0.07175333,0.04410525,0.031577684,0.07773012,0.05654263,0.05820261,0.07664739,0.06376009,0.06542548,0.08344529,0.056617882,0.06745296,0.066234544,0.056881547,0.035499170422554016,0.06004320830106735,0.065320685505867,0.08241061121225357,0.07716497033834457,0.05809526890516281,0.06978336721658707,0.06312873959541321,0.05395912006497383,0.06821711361408234,0.061280786991119385,0.0657290369272232,0.05768195539712906,0.07810395210981369,0.04619399085640907,0.06539638340473175,,,,,,,,,,,,,,,,,,,,,,,,,,,,,,,,
36,0.050742183,0.061952155,0.048372187,0.054249864,0.052527312,0.055189006,0.041683216,0.053238623,0.044052497,0.070048235,0.060529575,0.05426923,0.05958066,0.03713506,0.0257974,0.046375554,0.06334368139505386,0.0660444051027298,0.05519512668251991,0.04932590574026108,0.061392515897750854,0.07037678360939026,0.05466114729642868,0.05544733628630638,0.05686932057142258,0.06639302521944046,0.05286184325814247,0.050922941416502,0.058664970099925995,0.05355147644877434,0.06706686317920685,0.05616989731788635,0.06076829507946968,0.04631403461098671,0.06583739817142487,0.059253234416246414,0.05757400766015053,0.048287469893693924,0.06014557555317879,0.05350199341773987,0.04920317232608795,0.06937559694051743,0.0576741099357605,0.0468779057264328,0.05805068835616112,0.05373182147741318,0.041689805686473846,0.0706707090139389,0.04993509128689766,0.05145750194787979,0.06388475000858307,0.04584866389632225,0.053728699684143066,0.04879051819443703,0.05688854306936264,0.047485604882240295,0.05023976042866707,0.06954009085893631,0.06594756245613098,0.0486493781208992,0.06586528569459915,0.052872538566589355,0.056973762810230255,0.06993623822927475
37,0.107441135,0.12852998,0.14073178,0.12650377,0.1309697,0.12269922,0.13014838,0.11353404,0.1320467,0.119218096,0.12101942,0.13639368,0.12349661,0.12272501,0.12132688,0.10914804,0.11300207674503326,0.13794191181659698,0.14757421612739563,0.12571847438812256,0.1301717460155487,0.14606468379497528,0.14401352405548096,0.1415787637233734,0.12153413891792297,0.13159038126468658,0.1103452816605568,0.1292092502117157,0.13692127168178558,0.11550260335206985,0.13257138431072235,0.11970110237598419,0.13452203571796417,0.11301291733980179,0.14540094137191772,0.11790686845779419,0.11784332245588303,0.14484958350658417,0.12627409398555756,0.12950678169727325,0.11405039578676224,0.13011473417282104,0.12546849250793457,0.12431610375642776,0.1393897533416748,0.13647642731666565,0.14832644164562225,0.1310684084892273,0.11459068953990936,0.12607698142528534,0.12816214561462402,0.12984752655029297,0.11508570611476898,0.13424138724803925,0.1260099560022354,0.14097267389297485,0.12416195124387741,0.12410140782594681,0.12016583979129791,0.12286936491727829,0.1248902902007103,0.14426486194133759,0.12001293152570724,0.13640190660953522
38,0.054488663,0.06055576,0.04877176,0.05796831,0.05192134,0.046687797,0.06300956,0.051412232,0.0528055,0.051697377,0.04919818,0.05564431,0.046514846,0.065965034,0.063948795,0.06261998,0.054650720208883286,0.04075673222541809,0.059514354914426804,0.05796142295002937,0.03708896040916443,0.051548756659030914,0.047612451016902924,0.05337480083107948,0.036874234676361084,0.046433497220277786,0.053511280566453934,0.06483789533376694,0.05711214616894722,0.04951798915863037,0.04615544527769089,0.04596045985817909,0.04521450400352478,0.050086427479982376,0.07109062373638153,0.06165345013141632,0.05502478778362274,0.05494534224271774,0.05859627202153206,0.055389486253261566,0.05861925333738327,0.05436794087290764,0.06195659935474396,0.052998386323451996,0.07173408567905426,0.05865063518285751,0.04990769177675247,0.07389016449451447,0.06048206612467766,0.06894441694021225,0.05715131759643555,0.059011053293943405,0.04781005531549454,0.05459785461425781,0.04685169458389282,0.053406212478876114,0.06732381135225296,0.06213334947824478,0.05870645493268967,0.06366191804409027,0.05877775326371193,0.05125677213072777,0.05487927049398422,0.049857400357723236
39,0.081292,0.08445365,0.09297698,0.07598542,0.098413505,0.08954803,0.06753799,0.0961286,0.09536931,0.093769066,0.09114033,0.08189606,0.07560801,0.09175255,0.08456494,0.10618381,0.11083316057920456,0.10597214102745056,0.11196253448724747,0.08101551234722137,0.11308343708515167,0.11107265204191208,0.0878073051571846,0.10466771572828293,0.10004080832004547,0.09449334442615509,0.09628727287054062,0.09191428124904633,0.08077315241098404,0.08048789203166962,0.10323619842529297,0.10563597828149796,0.10378426313400269,0.09433034807443619,0.10597535222768784,0.07560734450817108,0.099271260201931,0.093094103038311,0.0801166445016861,0.11166077852249146,0.09233503043651581,0.10168091952800751,0.0925913155078888,0.09619034826755524,0.09473475813865662,0.09623619168996811,0.09654377400875092,0.08077486604452133,0.09186913818120956,0.10784730315208435,0.08176736533641815,0.08388025313615799,0.08832725882530212,0.06847948580980301,0.08572463691234589,0.10108840465545654,0.10704657435417175,0.10712474584579468,0.09272903203964233,0.09294066578149796,0.09452984482049942,0.10016749054193497,0.09276329725980759,0.09984824061393738
40,0.05704,0.05267328,0.047708817,0.08272255,0.05069344,0.048343316,0.063004665,0.07553288,0.06963647,0.057370137,0.041210104,0.053599715,0.052946202,0.06661798,0.06353007,0.048163693,0.06962976604700089,0.05331171676516533,0.059910524636507034,0.05895507335662842,0.04871963709592819,0.05753794685006142,0.052043408155441284,0.05265452340245247,0.056032076478004456,0.049233611673116684,0.05712524801492691,0.050610315054655075,0.06168516352772713,0.038296811282634735,0.049511801451444626,0.04871178790926933,0.06465521454811096,0.05665595456957817,0.04968522489070892,0.04977194592356682,0.06258072704076767,0.04878976568579674,0.05779174342751503,0.06473470479249954,0.06765339523553848,0.06531078368425369,0.051079172641038895,0.07878560572862625,0.06372658163309097,0.05065711960196495,0.05375529080629349,0.06645602732896805,0.05977121368050575,0.04809540510177612,0.0440983884036541,0.06097887083888054,0.04618444666266441,0.057526614516973495,0.05077958479523659,0.05144607648253441,0.04609603062272072,0.04178481549024582,0.06392831355333328,0.0659361258149147,0.06669370085000992,0.05633638799190521,0.06860542297363281,0.04534275457262993
41,0.08023089,0.070432946,0.09981047,0.092493206,0.085569054,0.07982416,0.08727082,0.08395767,0.09689943,0.09923891,0.08125615,0.07353089,0.11192081,0.09176376,0.09176784,0.09592052,0.09033757448196411,0.09505417943000793,0.09241162985563278,0.10309486836194992,0.09042534977197647,0.09662705659866333,0.1043950691819191,0.07925733178853989,0.09404993057250977,0.0815197005867958,0.0867813378572464,0.09189185500144958,0.09286627918481827,0.09273774921894073,0.09460662305355072,0.08297111839056015,0.11616046726703644,0.08791802078485489,0.10161372274160385,0.08095090091228485,0.10824806988239288,0.10180480778217316,0.07713562995195389,0.09049461781978607,0.07949967682361603,0.09129848331212997,0.0880027711391449,0.10537751764059067,0.091859832406044,0.08233179897069931,0.09424164891242981,0.09620294719934464,0.10001084953546524,0.09735162556171417,0.07185477018356323,0.07737348228693008,0.08846741914749146,0.07603767514228821,0.09316880255937576,0.08597803860902786,0.08694107085466385,0.09525166451931,0.09165949374437332,0.07081837207078934,0.07933039963245392,0.10001572966575623,0.08902810513973236,0.11373196542263031
42,0.056142513,0.04012538,0.06074793,0.062750414,0.055249877,0.05744898,0.058839425,0.051532023,0.055741545,0.055531744,0.0553051,0.06722016,0.064397834,0.05670885,0.054610908,0.05142655,0.05707990750670433,0.06123775616288185,0.04942695423960686,0.05777938291430473,0.05376914516091347,0.056322626769542694,0.05293721705675125,0.060564443469047546,0.057572249323129654,0.053769730031490326,0.0696558803319931,0.06056245043873787,0.05216275900602341,0.06710170209407806,0.051972515881061554,0.05436450242996216,0.06551901996135712,0.0651467964053154,0.05368904396891594,0.04791400581598282,0.0546870082616806,0.05087972804903984,0.05653860792517662,0.048924773931503296,0.044244829565286636,0.06303117424249649,0.05310530215501785,0.054265379905700684,0.06274764984846115,0.05286987125873566,0.05542279779911041,0.06059275195002556,0.062174178659915924,0.05644698441028595,0.043871138244867325,0.06508901715278625,0.07513078302145004,0.06263832002878189,0.06598524004220963,0.05231339484453201,0.057639941573143005,0.05992783233523369,0.05463671684265137,0.06847352534532547,0.06396159529685974,0.06014063209295273,0.052217934280633926,0.051735036075115204
43,0.08628558,0.07688764,0.09430182,0.08970213,0.10669372,0.07779929,0.092229374,0.07353462,0.09600967,0.09535526,0.08867879,0.08565316,0.0648936,0.08104261,0.10162055,0.08936204,0.08500459045171738,0.06685188412666321,0.0828389897942543,0.08083789795637131,0.09721197187900543,0.0918794497847557,0.10211048275232315,0.07378071546554565,0.07775028049945831,0.07417280972003937,0.069681316614151,0.08197294175624847,0.097835972905159,0.0882021114230156,0.08532371371984482,0.09034182131290436,0.12244777381420135,0.07882022857666016,0.08567463606595993,0.10104095935821533,0.08777263760566711,0.09917190670967102,0.08403784781694412,0.07934754341840744,0.07973195612430573,0.08483468741178513,0.07006850093603134,0.09779758751392365,0.07586969435214996,0.07374624907970428,0.08208300918340683,0.07410413026809692,0.09090495109558105,0.0957411676645279,0.08550626784563065,0.08697757124900818,0.09444478154182434,0.08868781477212906,0.0797332152724266,0.06492535024881363,0.08285640925168991,0.08660431206226349,0.08572515100240707,0.061464086174964905,0.07848943769931793,0.08791166543960571,0.10811091959476471,0.0882239043712616
44,0.041223265,0.06636432,0.061540697,0.06454938,0.062993795,0.061598476,0.05773038,0.06265941,0.058199797,0.055311743,0.059397053,0.059237447,0.039296724,0.041905098,0.060841653,0.06586553,0.06228620558977127,0.05035778880119324,0.04908539354801178,0.0343446359038353,0.04108971729874611,0.057414136826992035,0.058138541877269745,0.03662499785423279,0.04802592843770981,0.046183615922927856,0.06672730296850204,0.06496737897396088,0.05502154678106308,0.0538674034178257,0.034565046429634094,0.05215982720255852,0.048763129860162735,0.06175104156136513,0.06535270065069199,0.06824863702058792,0.04965005815029144,0.06144561246037483,0.053823091089725494,0.05547095462679863,0.05711979791522026,0.041903648525476456,0.05771850794553757,0.050926268100738525,0.056960150599479675,0.06211502104997635,0.05192609876394272,0.059681911021471024,0.052488476037979126,0.06590242683887482,0.06749171018600464,0.06168229877948761,0.05963600054383278,0.06338205188512802,0.05267016589641571,0.05754672735929489,0.05547959730029106,0.051759108901023865,0.06421568989753723,0.07163386791944504,0.055273476988077164,0.047484997659921646,0.04795737564563751,0.05772373452782631
45,0.078581706,0.0690017,0.08398518,0.09008472,0.08800043,0.083243154,0.079371594,0.06957405,0.07718466,0.060551286,0.0919422,0.07223564,0.06554743,0.07189428,0.079366155,0.06911135,0.07793431729078293,0.07157853245735168,0.07841405272483826,0.06094099208712578,0.07827583700418472,0.10316537320613861,0.07338021695613861,0.060071393847465515,0.08244521915912628,0.08533196151256561,0.07250024378299713,0.08645936846733093,0.08630581200122833,0.06786296516656876,0.07220972329378128,0.072148896753788,0.08605153858661652,0.099810890853405,0.08670344203710556,0.06531137228012085,0.07791395485401154,0.07849035412073135,0.07041069865226746,0.07091251015663147,0.08276520669460297,0.07107752561569214,0.060811009258031845,0.07341054826974869,0.07759811729192734,0.0727524384856224,0.07469100505113602,0.08116044849157333,0.07813530415296555,0.0945044755935669,0.07670304924249649,0.06748739629983902,0.08621906489133835,0.0943322628736496,0.08002548664808273,0.09508028626441956,0.08848398923873901,0.07265788316726685,0.06482701003551483,0.091241754591465,0.07502976059913635,0.0806836485862732,0.06494458019733429,0.0834524929523468
46,0.043315534,0.060681716,0.054741096,0.05983633,0.06337539,0.052243553,0.06134564,0.038391307,0.060208343,0.059317153,0.047466014,0.054781523,0.033770803,0.04536883,0.06641617,0.063617066,0.054439663887023926,0.052883222699165344,0.07075908780097961,0.04830144718289375,0.056089136749506,0.05425001308321953,0.068449467420578,0.05095164477825165,0.04264829307794571,0.05673913285136223,0.06210867315530777,0.04996000602841377,0.06405027955770493,0.052294544875621796,0.044033635407686234,0.0682372897863388,0.0512993149459362,0.0663699209690094,0.061541907489299774,0.0543392039835453,0.048606086522340775,0.05606987327337265,0.05291459709405899,0.05969349294900894,0.04833323881030083,0.0706772655248642,0.04606269299983978,0.056010205298662186,0.05071115493774414,0.06090661510825157,0.068140909075737,0.05609162151813507,0.04581206664443016,0.03645720332860947,0.058055903762578964,0.047870706766843796,0.04935506731271744,0.06500758230686188,0.06507875770330429,0.048425305634737015,0.055743277072906494,0.05475333705544472,0.05912555009126663,0.06435415148735046,0.05928860232234001,0.05447268858551979,0.057265616953372955,0.056730762124061584
47,0.09769963,0.0558605,0.0818843,0.08439607,0.09057911,0.08412984,0.08247373,0.08399181,0.0772434,0.0689797,0.06545031,0.09101627,0.112468824,0.08560873,0.0746116,0.06964883,0.06931093335151672,0.10361284762620926,0.06697527319192886,0.06271940469741821,0.07811840623617172,0.08504412323236465,0.07910112291574478,0.0658508837223053,0.08951219171285629,0.09523263573646545,0.1006898283958435,0.0849045142531395,0.08899278193712234,0.08129780739545822,0.0794440284371376,0.08724828064441681,0.09117436408996582,0.08611275255680084,0.08936773985624313,0.07005175948143005,0.11742012947797775,0.07041484117507935,0.08400636166334152,0.10914042592048645,0.06372661888599396,0.08315443992614746,0.07233742624521255,0.07508227229118347,0.10296234488487244,0.08022570610046387,0.07758655399084091,0.07374520599842072,0.08776101469993591,0.09489598870277405,0.10340962558984756,0.07079404592514038,0.0819827988743782,0.08184414356946945,0.08654537796974182,0.10337935388088226,0.07135503739118576,0.08185053616762161,0.07894033938646317,0.0881885513663292,0.08886020630598068,0.09059914946556091,0.07540901750326157,0.0843295305967331
48,0.028659925,0.03900587,0.043506764,0.05614785,0.06637606,0.04795832,0.07021999,0.062652364,0.06440114,0.062285732,0.047261648,0.054993697,0.053324055,0.055733886,0.078648634,0.048324198,0.053492940962314606,0.04189673438668251,0.05965573713183403,0.066407710313797,0.05607399344444275,0.06045079603791237,0.06142174452543259,0.032136134803295135,0.04673917591571808,0.05793694034218788,0.04459533095359802,0.061491966247558594,0.040659502148628235,0.05759439989924431,0.043511763215065,0.055353451520204544,0.05420627444982529,0.03786390647292137,0.05544256046414375,0.03160708397626877,0.06657234579324722,0.06126721203327179,0.07456407696008682,0.04947338253259659,0.054408054798841476,0.06480425596237183,0.04230392351746559,0.030329743400216103,0.04783347249031067,0.044693782925605774,0.03578091412782669,0.04178417846560478,0.05305211991071701,0.05240005999803543,0.04761476442217827,0.032930806279182434,0.05668928846716881,0.060606926679611206,0.05450226739048958,0.050423599779605865,0.04566660895943642,0.07180939614772797,0.05417562648653984,0.05794280022382736,0.07200764119625092,0.04451204463839531,0.05375291034579277,0.061728619039058685
49,0.155604,0.11030052,0.089309715,0.10604467,0.07394324,0.09396219,0.09841507,0.12061905,0.123722024,0.10122988,0.09815073,0.10063359,0.18692376,0.13991137,0.103308305,0.12855394,0.11434897035360336,0.10171422362327576,0.08436959981918335,0.07955878973007202,0.07409345358610153,0.10952278226613998,0.11439262330532074,0.10475988686084747,0.0928799957036972,0.15649951994419098,0.20400592684745789,0.13782799243927002,0.1580018699169159,0.10714832693338394,0.1359691470861435,0.08998098224401474,0.1472829282283783,0.16287167370319366,0.10313772410154343,0.08909682929515839,0.18991915881633759,0.11337989568710327,0.09080252796411514,0.20272627472877502,0.10144893825054169,0.11071842908859253,0.14411571621894836,0.11145224422216415,0.18940415978431702,0.09138500690460205,0.15069307386875153,0.09355700016021729,0.12917591631412506,0.13345174491405487,0.17358900606632233,0.142636239528656,0.10864480584859848,0.10077075660228729,0.2114124596118927,0.19091540575027466,0.09137337654829025,0.1229909285902977,0.11876147985458374,0.11509346216917038,0.15207581222057343,0.11568687856197357,0.12241626530885696,0.15236172080039978
50,0.046112318,0.035317775,0.05195025,0.040169053,0.029649064,0.048443105,0.054847743,0.028575268,0.042647388,0.032221638,0.027614208,0.05593459,0.0436936,0.04047484,0.025544247,0.041623034,0.06043202802538872,0.04289746657013893,0.05698949843645096,0.04829297959804535,0.03407767042517662,0.056405939161777496,0.03141636773943901,0.049751847982406616,0.05079640820622444,0.04327332228422165,0.03551308438181877,0.058489762246608734,0.049297597259283066,0.04770445078611374,0.037479180842638016,0.06461042910814285,0.0511835552752018,0.041237302124500275,0.058260075747966766,0.04940776154398918,0.04747245833277702,0.059891197830438614,0.047835297882556915,0.06050606817007065,0.058116234838962555,0.058117784559726715,0.06154400482773781,0.05614414066076279,0.051656924188137054,0.03088241256773472,0.04443248733878136,0.045259833335876465,0.049338921904563904,0.046342071145772934,0.026201287284493446,0.03378124162554741,0.0463714674115181,0.047735873609781265,0.0483224131166935,0.03742339834570885,0.059231676161289215,0.051040153950452805,0.0420423187315464,0.04992729425430298,0.051544126123189926,0.04986220598220825,0.044689152389764786,0.046371620148420334
51,0.19133703,0.12466927,0.0895107,0.11841648,0.07748541,0.095442966,0.09313039,0.1267978,0.15936473,0.110452384,0.10378422,0.100442104,0.26144993,0.1761949,0.124625005,0.16601217,0.16220952570438385,0.10871990770101547,0.0901912972331047,0.09759026765823364,0.07853051275014877,0.1280999481678009,0.1472591906785965,0.17241331934928894,0.09417004883289337,0.22143329679965973,0.35106217861175537,0.19794447720050812,0.20642320811748505,0.15209731459617615,0.16210444271564484,0.08875851333141327,0.20310020446777344,0.20436745882034302,0.12697747349739075,0.10191471874713898,0.26883697509765625,0.14747655391693115,0.10557471215724945,0.27986568212509155,0.10202524065971375,0.13257193565368652,0.19173721969127655,0.13907161355018616,0.290132075548172,0.1071123406291008,0.21166850626468658,0.10775943845510483,0.175802081823349,0.15091818571090698,0.22751903533935547,0.23064032196998596,0.1245536282658577,0.12625814974308014,0.3195771276950836,0.2316930592060089,0.14374220371246338,0.08197479695081711,0.16856016218662262,0.12239037454128265,0.23918329179286957,0.1392340064048767,0.17862164974212646,0.20883092284202576
52,0.054580808,0.04091106,0.057963215,0.04771492,0.05604196,0.05654832,0.061083306,0.05345351,0.024799727,0.06468611,0.025875006,0.038061127,0.04328421,0.051827356,0.03878486,0.04301862,0.02624085173010826,0.06466252356767654,0.05660223215818405,0.050549186766147614,0.027407977730035782,0.05734548717737198,0.04792880639433861,0.04986287280917168,0.034917425364255905,0.04120488837361336,0.04897087812423706,0.054162316024303436,0.05558918043971062,0.047158319503068924,0.039844971150159836,0.055485159158706665,0.03969593346118927,0.0415659137070179,0.059627845883369446,0.03166260942816734,0.05563127622008324,0.04258962348103523,0.07192831486463547,0.057079069316387177,0.05337187275290489,0.05130419135093689,0.04449265077710152,0.048029426485300064,0.04732859134674072,0.04708659648895264,0.06096711754798889,0.054414961487054825,0.04943091794848442,0.04423368722200394,0.0419171117246151,0.0480247363448143,0.05207599699497223,0.05147472023963928,0.04911656677722931,0.05606050789356232,0.05936521291732788,0.05320078134536743,0.05188971757888794,0.02235523797571659,0.026520423591136932,0.04621828719973564,0.04678627848625183,0.04302734136581421
53,0.18852566,0.13102438,0.07906594,0.11173625,0.07673709,0.09316494,0.09085686,0.12033526,0.16166623,0.10847779,0.0924365,0.107472695,0.27851698,0.17917173,0.13797481,0.16838865,0.16758686304092407,0.09649679064750671,0.08351513743400574,0.1041652262210846,0.0798983946442604,0.13020621240139008,0.16507059335708618,0.2452365756034851,0.08740702271461487,0.2241881787776947,0.3879014551639557,0.20032410323619843,0.216077521443367,0.17910833656787872,0.15781664848327637,0.08850780874490738,0.20780475437641144,0.21648630499839783,0.11812663823366165,0.10820268094539642,0.2714916467666626,0.15375949442386627,0.09935347735881805,0.2981142997741699,0.09825682640075684,0.12536251544952393,0.18906080722808838,0.13340608775615692,0.3223588168621063,0.1039014607667923,0.22676719725131989,0.112457774579525,0.18187206983566284,0.15673193335533142,0.24183093011379242,0.2611303925514221,0.12198178470134735,0.1282874196767807,0.38543301820755005,0.21808554232120514,0.18567687273025513,0.07830636203289032,0.1786135882139206,0.1111825481057167,0.25134333968162537,0.14464886486530304,0.20648713409900665,0.23963308334350586
